Snapchat iOs,
,
Home,Camera
,Moon Icon
,Stories
,Memories
,Flash Toggle
,Snapchat Logo
,Front/back toggles
,Search
,Chat
,
Chat,Search
,Snapchat Icon
,New Chat
,Stories
,Camera
,
Stories,Discover
,Camera
,Home
,Chat
,Featured
,
Search,Lens
,Food
,Nightclubs
,Bars
,Fashion
,Sports
,Music
,Highlights
,Around me
,Travel
,Attractions
,Animals
,
Snapchat Logo,Trophy Case
,Create Bitmoji
,Settings
,Upload
,My Friends
,Add Friends
,Added Me
,
Settings,Log Out
,Blocked
,Clear Conversations
,Clear Cache
,Licences
,Terms of Service
,Privacy Policy
,Support
,See Me in Quick Add
,View My Story
,Contact Me
,Manage
,Shazam
,Spectacles
,Memories
,Snapcash
,Notifications
,Login Verification
,Password
,Snapcodes
,BitMoji
,Email
,Mobile
,Birthday
,Username
,
Memories,Save to My Eyes Only by Default
,Auto-Save Stories
,Save to
,Import Snaps from Camera Roll
,Back Up Using Mobile Data
,Backup Progress
,
Manage,Ad Preferences
,Permissions
,Friend Emojis
,Travel Mode
,Filters
,
Permissions,Contacts
,Photos
,Notifications
,Microphone
,Camera
,Location
