Snapchat - Android,
,
Home,Stories
,memories
,chat
,front/rear camera toggle
,flash toggle
,search
,snapchat logo
,
Snapchat logo,stories
,chat
,options
,my friends
,added me
,share
,add friends
,trophy case
,
options,log out
,blocked
,clear sticker searches
,clear conversations
,clear cache
,other legal
,terms of service
,privacy policy
,support
,join snapchat beta
,notification settings
,see me in quick add
,see my location
,view my story
,contact me
,manage preferences
,shazam
,spectacles
,memories
,snapcash
,login verification
,password
,snapcodes
,bitmoji
,email
,mobile number
,birthday
,username
,name
,
Snapcodes,scan from camera roll
,scan history
,my snapcodes
,create snapcode
,
Memories,Auto save my story
,save to
,import snaps from camera roll
,smart backup
,backup progress
,
manage preferences,maps
,ad preferences
,permissions
,frined emojis
,travel mode
,
permissions,clipboard
,change your audio settings
,prevent phone from sleeping
,control vibration
,control flashlight
,view wifi connections
,view network connections
,receive data from the internet
,full network access
,find accounts on the device
,receive the contents of your usb storage
,modify or delete the contents of your usb storage
,change network connectivity
,connect and disconnect from wifi
,access bluetooth settings
,pair with bluetooth devices
,read your own contact card
,read your contacts
,precise location
,record audio
,take pictures and videos
,receive text messages
,read phone status and identity
,
Notification settings,ring
,sound
,vibrate
,blink led
,wake screen
,stories
,enable notifications
,
Support,terms of service
,privacy policy
,anguage
,legal
,advertising
,community
,company
,what's new
,
Other legal,on-demand geofilters terms of service
,licenses
,
My friends,contacts
,friends
,
Add friends,Share username
,nearby
,snapcode
,my contacts
,username
,
Search,fashion
,lens
,animals
,attractions
,travel mode
,sports
,music
,highlights
,top stories
,find friends
,
chat,find friends
,new chat
